{"mean_error": 0.0019003344664998666, "std_error": 0.006667687177000356}