{"mean_error": 0.002521327670538069, "std_error": 0.003853962750312804}