{"mean_error": 0.013051505456373817, "std_error": 0.018350682972865177}