{"mean_error": 0.0007876168141037518, "std_error": 0.002125416195821453}