{"mean_error": 0.010681590749335433, "std_error": 0.013899224382638463}