{"mean_error": 0.0014695350472598004, "std_error": 0.003986860046179247}