{"mean_error": 0.0017646205624303269, "std_error": 0.005003783857825409}