{"mean_error": 0.0025069593893232473, "std_error": 0.006199691007850129}