{"mean_error": 0.0026210636941397117, "std_error": 0.00604335193784438}