{"mean_error": 0.0021105415127290993, "std_error": 0.00472026792883401}