{"mean_error": 0.0031738160655064426, "std_error": 0.007342326803983281}