{"mean_error": 0.0029342261214447005, "std_error": 0.006224512135724093}