{"mean_error": 0.0011914611316485495, "std_error": 0.003531560876817353}