{"mean_error": 0.01582745536934279, "std_error": 0.027559205258193827}