{"mean_error": 0.006063742687894002, "std_error": 0.009945158503007683}