{"mean_error": 0.001216399323474678, "std_error": 0.0035070336764366113}