{"mean_error": 0.0019291210841218685, "std_error": 0.004768651939849138}