{"mean_error": 0.0036298893876879922, "std_error": 0.0075780559760175595}