{"mean_error": 0.004007397633673542, "std_error": 0.009373054641645734}