{"mean_error": 0.005649757791855713, "std_error": 0.01103219845853613}