{"mean_error": 0.04589467280985494, "std_error": 0.06552986275761892}