{"mean_error": 0.008328924301301934, "std_error": 0.015299781866376575}