{"mean_error": 0.009616653652349, "std_error": 0.01631565142456105}