{"mean_error": 0.0012909071357506303, "std_error": 0.003914428891635668}