{"mean_error": 0.020308397677320154, "std_error": 0.029815563626965424}