{"mean_error": 0.0009530611019071574, "std_error": 0.0032442183256769608}