{"mean_error": 0.0013716819307614415, "std_error": 0.0038792607398985463}