{"mean_error": 0.0009273156384727823, "std_error": 0.0027943437159033396}