{"mean_error": 0.0010003074741130483, "std_error": 0.003132417979844278}