{"mean_error": 0.0034651746937434595, "std_error": 0.007903238916454836}