{"mean_error": 0.002909459512407446, "std_error": 0.006032380686078944}