{"mean_error": 0.015074343376738183, "std_error": 0.021767883654558548}