{"mean_error": 0.0034049364204933544, "std_error": 0.008100395757087198}