{"mean_error": 0.018372615204448356, "std_error": 0.027966763596410888}