{"mean_error": 0.008084697264034156, "std_error": 0.014868762352099734}