{"mean_error": 0.011546829914418506, "std_error": 0.021328901055530754}