{"mean_error": 0.0010485270178800996, "std_error": 0.003405797612830504}