{"mean_error": 0.005759851971133336, "std_error": 0.011244838568351345}