{"mean_error": 0.0049841618940053775, "std_error": 0.008527842751381118}