{"mean_error": 0.002841849268819003, "std_error": 0.005952091893967279}