{"mean_error": 0.03471051087406905, "std_error": 0.06683861690347032}