{"mean_error": 0.0011947075068036337, "std_error": 0.003017346021482276}