{"mean_error": 0.0009103600491866151, "std_error": 0.002449795005952807}