{"mean_error": 0.0011913913515044575, "std_error": 0.003419001921752335}