{"mean_error": 0.00245134375595234, "std_error": 0.005533738625922896}