{"mean_error": 0.003952096006144648, "std_error": 0.009464242038209177}