{"mean_error": 0.0010588289841210686, "std_error": 0.00031588633515426424}