{"mean_error": 0.026907882123793428, "std_error": 0.03653523936152565}