{"mean_error": 0.002918785631150493, "std_error": 0.006047203732656408}