{"mean_error": 0.0012097776529743918, "std_error": 0.0033155243763471364}